rank,file,t_sec,score,U,A,D,n_boxes,n_ambiguous,empty,selected
1,frame_0031.jpg,12.4,0.8309,0.7952,0.7778,1.0,13,7,False,True
2,frame_0002.jpg,0.8,0.7853,0.7706,0.6667,1.0,12,6,False,True
3,frame_0328.jpg,131.2,0.7588,0.8856,1.0,0.08,17,9,False,True
4,frame_0074.jpg,29.6,0.7421,0.8843,0.3333,1.0,11,3,False,True
5,frame_0033.jpg,13.2,0.7356,0.7378,0.5556,1.0,12,5,False,False
6,frame_0030.jpg,12.0,0.7267,0.6534,0.6667,1.0,11,6,False,False
7,frame_0070.jpg,28.0,0.7235,0.7804,0.4444,1.0,12,4,False,False
8,frame_0386.jpg,154.4,0.7199,0.8771,0.7778,0.24,13,7,False,True
9,frame_0079.jpg,31.6,0.7196,0.7859,0.5556,0.8,12,5,False,True
10,frame_0124.jpg,49.6,0.7177,0.83,0.5556,0.68,12,5,False,True
11,frame_0016.jpg,6.4,0.7124,0.7581,0.4444,1.0,8,4,False,True
12,frame_0301.jpg,120.4,0.7053,0.9013,0.5556,0.44,14,5,False,True
13,frame_0186.jpg,74.4,0.696,0.8426,0.8889,0.04,13,8,False,True
14,frame_0126.jpg,50.4,0.6906,0.7439,0.5556,0.76,11,5,False,False
15,frame_0076.jpg,30.4,0.6861,0.6709,0.5556,0.92,12,5,False,False
16,frame_0032.jpg,12.8,0.6847,0.6361,0.5556,1.0,15,5,False,False
17,frame_0133.jpg,53.2,0.6813,0.7627,0.3333,1.0,11,3,False,True
18,frame_0001.jpg,0.4,0.6804,0.7608,0.3333,1.0,14,3,False,False
19,frame_0072.jpg,28.8,0.6777,0.6888,0.4444,1.0,13,4,False,False
20,frame_0171.jpg,68.4,0.6745,0.773,0.6667,0.44,10,6,False,True
21,frame_0075.jpg,30.0,0.6744,0.6981,0.4444,0.96,10,4,False,False
22,frame_0006.jpg,2.4,0.6706,0.6746,0.4444,1.0,10,4,False,False
23,frame_0071.jpg,28.4,0.6612,0.6558,0.4444,1.0,13,4,False,False
24,frame_0128.jpg,51.2,0.6563,0.7766,0.3333,0.84,11,3,False,False
25,frame_0029.jpg,11.6,0.6562,0.6458,0.4444,1.0,12,4,False,False
26,frame_0231.jpg,92.4,0.6537,0.91,0.5556,0.16,13,5,False,False
27,frame_0132.jpg,52.8,0.6503,0.634,0.4444,1.0,10,4,False,False
28,frame_0230.jpg,92.0,0.6494,0.7842,0.7778,0.12,16,7,False,False
29,frame_0127.jpg,50.8,0.6473,0.7079,0.4444,0.8,12,4,False,False
30,frame_0293.jpg,117.2,0.6443,0.6512,0.5556,0.76,10,5,False,False
31,frame_0004.jpg,1.6,0.6438,0.6876,0.3333,1.0,13,3,False,False
32,frame_0073.jpg,29.2,0.6396,0.7458,0.2222,1.0,12,2,False,False
33,frame_0294.jpg,117.6,0.6372,0.853,0.2222,0.72,9,2,False,False
34,frame_0080.jpg,32.0,0.6367,0.7028,0.4444,0.76,11,4,False,False
35,frame_0374.jpg,149.6,0.6361,0.8589,0.5556,0.2,14,5,False,False
36,frame_0000.jpg,0.0,0.6358,0.605,0.4444,1.0,13,4,False,False
37,frame_0078.jpg,31.2,0.6335,0.7311,0.3333,0.84,11,3,False,False
38,frame_0015.jpg,6.0,0.6327,0.5987,0.4444,1.0,8,4,False,False
39,frame_0388.jpg,155.2,0.6283,0.8592,0.5556,0.16,9,5,False,False
40,frame_0176.jpg,70.4,0.6161,0.9362,0.3333,0.24,9,3,False,False
41,frame_0125.jpg,50.0,0.6158,0.677,0.4444,0.72,12,4,False,False
42,frame_0278.jpg,111.2,0.6157,0.8368,0.4444,0.32,12,4,False,False
43,frame_0302.jpg,120.8,0.6147,0.736,0.5556,0.4,16,5,False,False
44,frame_0170.jpg,68.0,0.6146,0.7038,0.5556,0.48,11,5,False,False
45,frame_0028.jpg,11.2,0.6143,0.562,0.4444,1.0,9,4,False,False
46,frame_0290.jpg,116.0,0.614,0.7081,0.3333,0.8,11,3,False,False
47,frame_0119.jpg,47.6,0.6133,0.6346,0.6667,0.48,12,6,False,False
48,frame_0399.jpg,159.6,0.6083,0.7712,0.5556,0.28,11,5,False,False
49,frame_0077.jpg,30.8,0.6058,0.7929,0.1111,0.88,11,1,False,False
50,frame_0296.jpg,118.4,0.6057,0.6888,0.4444,0.64,10,4,False,False
51,frame_0021.jpg,8.4,0.6021,0.5376,0.4444,1.0,9,4,False,False
52,frame_0377.jpg,150.8,0.6006,0.7531,0.6667,0.12,14,6,False,False
53,frame_0067.jpg,26.8,0.5983,0.5967,0.3333,1.0,14,3,False,False
54,frame_0026.jpg,10.4,0.5981,0.6629,0.2222,1.0,7,2,False,False
55,frame_0375.jpg,150.0,0.5981,0.9162,0.3333,0.2,11,3,False,False
56,frame_0299.jpg,119.6,0.5973,0.5865,0.6667,0.52,11,6,False,False
57,frame_0114.jpg,45.6,0.5968,0.7482,0.5556,0.28,13,5,False,False
58,frame_0384.jpg,153.6,0.5956,0.8605,0.4444,0.16,15,4,False,False
59,frame_0131.jpg,52.4,0.5954,0.6068,0.3333,0.96,8,3,False,False
60,frame_0027.jpg,10.8,0.5947,0.5228,0.4444,1.0,8,4,False,False
61,frame_0097.jpg,38.8,0.5939,0.8224,0.5556,0.08,12,5,False,False
62,frame_0385.jpg,154.0,0.5937,0.7741,0.5556,0.2,17,5,False,False
63,frame_0297.jpg,118.8,0.5925,0.6116,0.5556,0.6,11,5,False,False
64,frame_0130.jpg,52.0,0.592,0.4827,0.5556,0.92,12,5,False,False
65,frame_0283.jpg,113.2,0.592,0.776,0.3333,0.52,11,3,False,False
66,frame_0068.jpg,27.2,0.5905,0.6477,0.2222,1.0,11,2,False,False
67,frame_0287.jpg,114.8,0.5905,0.709,0.3333,0.68,10,3,False,False
68,frame_0394.jpg,157.6,0.5904,0.7488,0.6667,0.08,11,6,False,False
69,frame_0298.jpg,119.2,0.5867,0.7494,0.3333,0.56,10,3,False,False
70,frame_0089.jpg,35.6,0.5849,0.6765,0.5556,0.4,10,5,False,False
71,frame_0383.jpg,153.2,0.5843,0.7205,0.6667,0.12,16,6,False,False
72,frame_0286.jpg,114.4,0.5802,0.7045,0.3333,0.64,11,3,False,False
73,frame_0129.jpg,51.6,0.5774,0.6029,0.3333,0.88,10,3,False,False
74,frame_0291.jpg,116.4,0.5744,0.7461,0.1111,0.84,10,1,False,False
75,frame_0017.jpg,6.8,0.5734,0.5468,0.3333,1.0,9,3,False,False
76,frame_0005.jpg,2.0,0.573,0.6127,0.2222,1.0,10,2,False,False
77,frame_0329.jpg,131.6,0.573,0.7807,0.5556,0.08,16,5,False,False
78,frame_0378.jpg,151.2,0.5718,0.9116,0.3333,0.08,13,3,False,False
79,frame_0275.jpg,110.0,0.5698,0.793,0.4444,0.2,15,4,False,False
80,frame_0379.jpg,151.6,0.5693,0.856,0.4444,0.04,14,4,False,False
81,frame_0305.jpg,122.0,0.569,0.7593,0.4444,0.28,10,4,False,False
82,frame_0069.jpg,27.6,0.5687,0.604,0.2222,1.0,13,2,False,False
83,frame_0315.jpg,126.0,0.5675,0.6203,0.7778,0.12,11,7,False,False
84,frame_0003.jpg,1.2,0.5652,0.5305,0.3333,1.0,10,3,False,False
85,frame_0368.jpg,147.2,0.5644,0.9129,0.3333,0.04,17,3,False,False
86,frame_0203.jpg,81.2,0.564,0.6721,0.3333,0.64,8,3,False,False
87,frame_0082.jpg,32.8,0.5617,0.5181,0.5556,0.68,14,5,False,False
88,frame_0094.jpg,37.6,0.5606,0.7745,0.4444,0.2,12,4,False,False
89,frame_0232.jpg,92.8,0.5592,0.705,0.5556,0.2,14,5,False,False
90,frame_0181.jpg,72.4,0.5585,0.7676,0.5556,0.04,12,5,False,False
91,frame_0175.jpg,70.0,0.5563,0.7339,0.4444,0.28,11,4,False,False
92,frame_0396.jpg,158.4,0.5562,0.7817,0.4444,0.16,12,4,False,False
93,frame_0292.jpg,116.8,0.5543,0.5886,0.3333,0.8,13,3,False,False
94,frame_0319.jpg,127.6,0.5535,0.8616,0.2222,0.28,13,2,False,False
95,frame_0088.jpg,35.2,0.5504,0.6582,0.4444,0.44,11,4,False,False
96,frame_0013.jpg,5.2,0.5498,0.633,0.1111,1.0,6,1,False,False
97,frame_0323.jpg,129.2,0.5495,0.6509,0.6667,0.12,12,6,False,False
98,frame_0105.jpg,42.0,0.5477,0.8635,0.3333,0.08,12,3,False,False
99,frame_0389.jpg,155.6,0.5469,0.7792,0.4444,0.12,13,4,False,False
100,frame_0229.jpg,91.6,0.5464,0.6607,0.6667,0.08,10,6,False,False
101,frame_0284.jpg,113.6,0.5463,0.6687,0.3333,0.56,9,3,False,False
102,frame_0020.jpg,8.0,0.5459,0.5584,0.2222,1.0,8,2,False,False
103,frame_0300.jpg,120.0,0.5445,0.6303,0.4444,0.48,13,4,False,False
104,frame_0178.jpg,71.2,0.5434,0.6895,0.5556,0.16,13,5,False,False
105,frame_0381.jpg,152.4,0.5426,0.6692,0.6667,0.04,13,6,False,False
106,frame_0167.jpg,66.8,0.5423,0.7112,0.2222,0.6,11,2,False,False
107,frame_0201.jpg,80.4,0.5397,0.6554,0.3333,0.56,6,3,False,False
108,frame_0318.jpg,127.2,0.5394,0.8495,0.2222,0.24,10,2,False,False
109,frame_0095.jpg,38.0,0.5368,0.8763,0.2222,0.16,12,2,False,False
110,frame_0014.jpg,5.6,0.5367,0.5401,0.2222,1.0,7,2,False,False
111,frame_0179.jpg,71.6,0.5353,0.6892,0.5556,0.12,11,5,False,False
112,frame_0172.jpg,68.8,0.5351,0.6436,0.4444,0.4,8,4,False,False
113,frame_0370.jpg,148.0,0.5349,0.6538,0.6667,0.04,16,6,False,False
114,frame_0288.jpg,115.2,0.5348,0.5816,0.3333,0.72,13,3,False,False
115,frame_0274.jpg,109.6,0.534,0.7374,0.4444,0.16,14,4,False,False
116,frame_0279.jpg,111.6,0.534,0.724,0.3333,0.36,8,3,False,False
117,frame_0276.jpg,110.4,0.5324,0.7688,0.3333,0.24,14,3,False,False
118,frame_0007.jpg,2.8,0.5307,0.528,0.2222,1.0,9,2,False,False
119,frame_0382.jpg,152.8,0.5304,0.6287,0.6667,0.08,13,6,False,False
120,frame_0011.jpg,4.4,0.5297,0.526,0.2222,1.0,6,2,False,False
121,frame_0321.jpg,128.4,0.5286,0.7106,0.4444,0.2,12,4,False,False
122,frame_0022.jpg,8.8,0.5266,0.4532,0.3333,1.0,9,3,False,False
123,frame_0213.jpg,85.2,0.5263,0.562,0.4444,0.56,6,4,False,False
124,frame_0330.jpg,132.0,0.5248,0.767,0.4444,0.04,15,4,False,False
125,frame_0188.jpg,75.2,0.5232,0.7637,0.4444,0.04,14,4,False,False
126,frame_0322.jpg,128.8,0.5209,0.7111,0.4444,0.16,10,4,False,False
127,frame_0083.jpg,33.2,0.5201,0.5175,0.4444,0.64,12,4,False,False
128,frame_0333.jpg,133.2,0.5194,0.7401,0.4444,0.08,13,4,False,False
129,frame_0282.jpg,112.8,0.5173,0.7092,0.2222,0.48,11,2,False,False
130,frame_0123.jpg,49.2,0.5171,0.6448,0.2222,0.64,12,2,False,False
131,frame_0025.jpg,10.0,0.5135,0.4936,0.2222,1.0,8,2,False,False
132,frame_0289.jpg,115.6,0.5123,0.5872,0.2222,0.76,10,2,False,False
133,frame_0316.jpg,126.4,0.5121,0.7602,0.3333,0.16,11,3,False,False
134,frame_0081.jpg,32.4,0.5116,0.6018,0.2222,0.72,12,2,False,False
135,frame_0208.jpg,83.2,0.5115,0.519,0.3333,0.76,9,3,False,False
136,frame_0324.jpg,129.6,0.5077,0.5834,0.6667,0.08,13,6,False,False
137,frame_0306.jpg,122.4,0.5072,0.6517,0.4444,0.24,10,4,False,False
138,frame_0391.jpg,156.4,0.5054,0.7281,0.4444,0.04,14,4,False,False
139,frame_0210.jpg,84.0,0.5045,0.6703,0.1111,0.68,6,1,False,False
140,frame_0398.jpg,159.2,0.5005,0.6383,0.4444,0.24,13,4,False,False
141,frame_0012.jpg,4.8,0.4997,0.466,0.2222,1.0,7,2,False,False
142,frame_0169.jpg,67.6,0.4989,0.7232,0.1111,0.52,10,1,False,False
143,frame_0387.jpg,154.8,0.4964,0.7794,0.2222,0.2,12,2,False,False
144,frame_0397.jpg,158.8,0.4942,0.6417,0.4444,0.2,13,4,False,False
145,frame_0177.jpg,70.8,0.4935,0.6403,0.4444,0.2,10,4,False,False
146,frame_0367.jpg,146.8,0.4912,0.817,0.2222,0.08,14,2,False,False
147,frame_0202.jpg,80.8,0.4868,0.6002,0.2222,0.6,6,2,False,False
148,frame_0371.jpg,148.4,0.4838,0.669,0.4444,0.08,13,4,False,False
149,frame_0116.jpg,46.4,0.4835,0.623,0.3333,0.36,10,3,False,False
150,frame_0086.jpg,34.4,0.4807,0.6201,0.2222,0.52,10,2,False,False
151,frame_0269.jpg,107.6,0.4805,0.6783,0.4444,0.04,11,4,False,False
152,frame_0106.jpg,42.4,0.4786,0.7413,0.3333,0.04,10,3,False,False
153,frame_0109.jpg,43.6,0.4751,0.6516,0.4444,0.08,12,4,False,False
154,frame_0228.jpg,91.2,0.4743,0.6659,0.4444,0.04,11,4,False,False
155,frame_0018.jpg,7.2,0.4735,0.4136,0.2222,1.0,8,2,False,False
156,frame_0309.jpg,123.6,0.4726,0.5638,0.5556,0.12,11,5,False,False
157,frame_0310.jpg,124.0,0.4694,0.6402,0.4444,0.08,14,4,False,False
158,frame_0280.jpg,112.0,0.4668,0.6402,0.2222,0.4,9,2,False,False
159,frame_0185.jpg,74.0,0.4667,0.6347,0.4444,0.08,10,4,False,False
160,frame_0307.jpg,122.8,0.465,0.5166,0.5556,0.2,12,5,False,False
161,frame_0268.jpg,107.2,0.4646,0.6972,0.3333,0.08,6,3,False,False
162,frame_0113.jpg,45.2,0.4645,0.633,0.3333,0.24,10,3,False,False
163,frame_0192.jpg,76.8,0.4644,0.6489,0.3333,0.2,9,3,False,False
164,frame_0395.jpg,158.0,0.4631,0.6782,0.3333,0.12,12,3,False,False
165,frame_0193.jpg,77.2,0.4615,0.6937,0.2222,0.24,9,2,False,False
166,frame_0295.jpg,118.0,0.4605,0.5824,0.1111,0.68,8,1,False,False
167,frame_0212.jpg,84.8,0.4563,0.4727,0.3333,0.6,8,3,False,False
168,frame_0184.jpg,73.6,0.4511,0.7368,0.2222,0.08,10,2,False,False
169,frame_0121.jpg,48.4,0.4498,0.5423,0.2222,0.56,9,2,False,False
170,frame_0223.jpg,89.2,0.4468,0.6296,0.3333,0.16,10,3,False,False
171,frame_0180.jpg,72.0,0.4461,0.5935,0.4444,0.08,10,4,False,False
172,frame_0277.jpg,110.8,0.4408,0.5696,0.3333,0.28,11,3,False,False
173,frame_0087.jpg,34.8,0.44,0.5546,0.2222,0.48,8,2,False,False
174,frame_0207.jpg,82.8,0.4395,0.359,0.3333,0.8,7,3,False,False
175,frame_0110.jpg,44.0,0.4372,0.5598,0.4444,0.12,12,4,False,False
176,frame_0272.jpg,108.8,0.4367,0.6414,0.3333,0.08,13,3,False,False
177,frame_0273.jpg,109.2,0.4367,0.5588,0.4444,0.12,12,4,False,False
178,frame_0303.jpg,121.2,0.4305,0.5837,0.2222,0.36,10,2,False,False
179,frame_0215.jpg,86.0,0.4296,0.5339,0.2222,0.48,10,2,False,False
180,frame_0267.jpg,106.8,0.4285,0.6091,0.3333,0.12,8,3,False,False
181,frame_0122.jpg,48.8,0.4273,0.548,0.1111,0.6,11,1,False,False
182,frame_0118.jpg,47.2,0.4264,0.5434,0.2222,0.44,13,2,False,False
183,frame_0211.jpg,84.4,0.4247,0.5268,0.1111,0.64,6,1,False,False
184,frame_0327.jpg,130.8,0.4247,0.7001,0.2222,0.04,14,2,False,False
185,frame_0376.jpg,150.4,0.4226,0.7146,0.1111,0.16,9,1,False,False
186,frame_0115.jpg,46.0,0.4222,0.5831,0.2222,0.32,12,2,False,False
187,frame_0221.jpg,88.4,0.4208,0.5456,0.3333,0.24,7,3,False,False
188,frame_0194.jpg,77.6,0.4204,0.5954,0.2222,0.28,8,2,False,False
189,frame_0173.jpg,69.2,0.4183,0.4927,0.3333,0.36,9,3,False,False
190,frame_0373.jpg,149.2,0.4167,0.5695,0.3333,0.16,15,3,False,False
191,frame_0281.jpg,112.4,0.4163,0.5232,0.2222,0.44,9,2,False,False
192,frame_0098.jpg,39.2,0.4157,0.6155,0.3333,0.04,10,3,False,False
193,frame_0009.jpg,3.6,0.4148,0.3629,0.1111,1.0,5,1,False,False
194,frame_0314.jpg,125.6,0.413,0.594,0.3333,0.08,8,3,False,False
195,frame_0317.jpg,126.8,0.4111,0.7421,0.0,0.2,11,0,False,False
196,frame_0271.jpg,108.4,0.4099,0.6038,0.3333,0.04,10,3,False,False
197,frame_0225.jpg,90.0,0.4088,0.5856,0.3333,0.08,10,3,False,False
198,frame_0096.jpg,38.4,0.4083,0.5686,0.3333,0.12,10,3,False,False
199,frame_0206.jpg,82.4,0.4079,0.3784,0.2222,0.76,7,2,False,False
200,frame_0019.jpg,7.6,0.4064,0.2795,0.2222,1.0,7,2,False,False
201,frame_0008.jpg,3.2,0.4044,0.4088,0.0,1.0,5,0,False,False
202,frame_0024.jpg,9.6,0.4029,0.3392,0.1111,1.0,6,1,False,False
203,frame_0168.jpg,67.2,0.402,0.5134,0.1111,0.56,8,1,False,False
204,frame_0390.jpg,156.0,0.4018,0.5717,0.3333,0.08,11,3,False,False
205,frame_0304.jpg,121.6,0.4017,0.542,0.2222,0.32,11,2,False,False
206,frame_0222.jpg,88.8,0.4016,0.5899,0.2222,0.2,9,2,False,False
207,frame_0195.jpg,78.0,0.3999,0.5384,0.2222,0.32,7,2,False,False
208,frame_0320.jpg,128.0,0.3992,0.569,0.2222,0.24,12,2,False,False
209,frame_0308.jpg,123.2,0.398,0.5986,0.2222,0.16,10,2,False,False
210,frame_0190.jpg,76.0,0.3977,0.5474,0.3333,0.12,7,3,False,False
211,frame_0120.jpg,48.0,0.397,0.4526,0.2222,0.52,11,2,False,False
212,frame_0085.jpg,34.0,0.3952,0.433,0.2222,0.56,11,2,False,False
213,frame_0233.jpg,93.2,0.3951,0.5608,0.2222,0.24,14,2,False,False
214,frame_0332.jpg,132.8,0.3905,0.565,0.3333,0.04,10,3,False,False
215,frame_0372.jpg,148.8,0.3881,0.5948,0.2222,0.12,14,2,False,False
216,frame_0393.jpg,157.2,0.3856,0.5552,0.3333,0.04,12,3,False,False
217,frame_0117.jpg,46.8,0.3852,0.4771,0.2222,0.4,5,2,False,False
218,frame_0220.jpg,88.0,0.3823,0.4526,0.3333,0.28,5,3,False,False
219,frame_0200.jpg,80.0,0.382,0.4893,0.1111,0.52,4,1,False,False
220,frame_0224.jpg,89.6,0.3798,0.5782,0.2222,0.12,12,2,False,False
221,frame_0209.jpg,83.6,0.379,0.47,0.0,0.72,7,0,False,False
222,frame_0112.jpg,44.8,0.3788,0.4777,0.3333,0.2,8,3,False,False
223,frame_0103.jpg,41.2,0.3707,0.6108,0.1111,0.16,10,1,False,False
224,frame_0285.jpg,114.0,0.37,0.4334,0.1111,0.6,10,1,False,False
225,frame_0090.jpg,36.0,0.3662,0.455,0.2222,0.36,8,2,False,False
226,frame_0218.jpg,87.2,0.3637,0.45,0.2222,0.36,8,2,False,False
227,frame_0205.jpg,82.0,0.3604,0.3661,0.1111,0.72,6,1,False,False
228,frame_0100.jpg,40.0,0.3568,0.5643,0.2222,0.04,10,2,False,False
229,frame_0010.jpg,4.0,0.3508,0.2349,0.1111,1.0,6,1,False,False
230,frame_0219.jpg,87.6,0.3508,0.4403,0.2222,0.32,7,2,False,False
231,frame_0091.jpg,36.4,0.3496,0.4379,0.2222,0.32,8,2,False,False
232,frame_0216.jpg,86.4,0.349,0.4553,0.1111,0.44,7,1,False,False
233,frame_0084.jpg,33.6,0.3449,0.3832,0.1111,0.6,10,1,False,False
234,frame_0102.jpg,40.8,0.3449,0.5752,0.1111,0.12,10,1,False,False
235,frame_0214.jpg,85.6,0.3444,0.4142,0.1111,0.52,9,1,False,False
236,frame_0111.jpg,44.4,0.3427,0.4215,0.3333,0.16,8,3,False,False
237,frame_0104.jpg,41.6,0.3345,0.4876,0.2222,0.12,10,2,False,False
238,frame_0189.jpg,75.6,0.3336,0.5686,0.1111,0.08,8,1,False,False
239,frame_0093.jpg,37.2,0.3307,0.4988,0.1111,0.24,12,1,False,False
240,frame_0183.jpg,73.2,0.3295,0.5096,0.2222,0.04,9,2,False,False
241,frame_0174.jpg,69.6,0.3228,0.3842,0.2222,0.32,11,2,False,False
242,frame_0311.jpg,124.4,0.3216,0.4938,0.2222,0.04,14,2,False,False
243,frame_0204.jpg,81.6,0.3194,0.3001,0.1111,0.68,5,1,False,False
244,frame_0217.jpg,86.8,0.3178,0.4089,0.1111,0.4,8,1,False,False
245,frame_0108.jpg,43.2,0.3165,0.5504,0.1111,0.04,10,1,False,False
246,frame_0023.jpg,9.2,0.3126,0.2253,0.0,1.0,7,0,False,False
247,frame_0325.jpg,130.0,0.3099,0.4704,0.2222,0.04,14,2,False,False
248,frame_0197.jpg,78.8,0.2991,0.3715,0.1111,0.4,3,1,False,False
249,frame_0199.jpg,79.6,0.2857,0.3127,0.1111,0.48,4,1,False,False
250,frame_0196.jpg,78.4,0.2828,0.355,0.1111,0.36,7,1,False,False
251,frame_0226.jpg,90.4,0.2704,0.4582,0.1111,0.04,9,1,False,False
252,frame_0198.jpg,79.2,0.2674,0.2921,0.1111,0.44,5,1,False,False
253,frame_0191.jpg,76.4,0.2551,0.3128,0.2222,0.16,9,2,False,False
254,frame_0092.jpg,36.8,0.2494,0.3202,0.1111,0.28,10,1,False,False
255,frame_0101.jpg,40.4,0.2412,0.3838,0.1111,0.08,10,1,False,False
256,frame_0313.jpg,125.2,0.2213,0.4266,0.0,0.04,7,0,False,False
